ID,Mnemonico,Descricao,Especialidade,Restricao_Preparo,Contra_Indicacoes,Informacoes_Gerais,Informacoes_Especificas,48h_Antes_Exames,24h_Antes_Exames,No_Dia_Exame,Restricao_Idade,Medicamentos,Jejum,Exames_Anteriores,Vestimentas,Obrigat√≥rio Acompanhante maior portando documento oficial com foto
2810,OTOCOMP,OTONEUROLOGICO COMPLETO,AUDIOMETRIA,-,-,-,-,-,-,-,-,-,-,-,-,-
5367,417,PESQUISA DO NISTAGMO OPTOCINETICO,AUDIOMETRIA,-,-,-,-,401,501,603,-,-,-,804,-,-
5199,981,ANESTESIA PARA COLONOSCOPIA,COLONOSCOPIA,1,-,204,308,-,-,604,-,704,-,802,-,TRUE
2367,COLOPECTO,COLONOSCOPIA  POLIPECTOMIA COM OU SEM BIOPSIA,COLONOSCOPIA,1,-,204,308,-,-,604,-,704,-,802,-,TRUE
2366,COLORETO,COLONOSCOPIA + RETOSSIGMOIDOSCOPIA COM OU SEM BIOPSIA,COLONOSCOPIA,1,-,204,308,-,-,604,-,704,-,802,-,TRUE
2368,COLONBIO,COLONOSCOPIA COM BIOPSIA E OU CITOLOGIA,COLONOSCOPIA,1,-,204,308,-,-,604,-,704,-,802,-,TRUE
2365,COLOMAG,COLONOSCOPIA COM MAGNIFICACAO,COLONOSCOPIA,1,-,204,308,-,-,604,-,704,-,802,-,TRUE
8379,M11775,COLONOSCOPIA COM POLIPECTOMIA,COLONOSCOPIA,1,-,204,308,-,-,604,-,704,-,802,-,TRUE
2369,COLON,COLONOSCOPIA INCLUI A RETOSSIGMOIDOSCOPIA,COLONOSCOPIA,1,-,204,308,-,-,604,-,704,-,802,-,TRUE
12315,POLIPCOL,POLIPECTOMIA DE COLON INDEPENDENTE DO NUMERO DE POLIPOS,COLONOSCOPIA,1,-,204,308,-,-,604,-,704,-,802,-,TRUE
2680,RETOFLEX,RETOSSIGMOIDOSCOPIA FLEXIVEL,COLONOSCOPIA,1,-,204,308,-,-,604,-,704,-,802,-,TRUE
2681,RETFLEXB,RETOSSIGMOIDOSCOPIA FLEXIVEL COM BIOPSIA E OU CITOLOGIA,COLONOSCOPIA,1,-,204,308,-,-,604,-,704,-,802,-,TRUE
2678,RETOFLEB,RETOSSIGMOIDOSCOPIA FLEXIVEL COM OU SEM BIOPSIA,COLONOSCOPIA,1,-,204,308,-,-,604,-,704,-,802,-,TRUE
7984,BIOPEDAN,BIOIMPEDANCIA,DENSITOMETRIA,2,-,-,-,-,-,605,-,705,-,804,-,-
2963,DENOSS2,DENSITOMETRIA OSSEA 2 SEGMENTOS COLUNA E FEMUR,DENSITOMETRIA,2,-,-,-,-,-,605,-,705,-,804,-,-
2961,DENOCORP,DENSITOMETRIA OSSEA CORPO INTEIRO,DENSITOMETRIA,2,-,-,-,-,-,605,-,705,-,804,-,-
2960,DENODUOC,DENSITOMETRIA OSSEA DUO ENERGETICA PROTESE DE FEMUR,DENSITOMETRIA,2,-,-,-,-,-,605,-,705,-,804,-,-
2962,DENOSSEA,DENSITOMETRIA OSSEA UM SEGMENTO,DENSITOMETRIA,2,-,-,-,-,-,605,-,705,-,804,-,-
5198,977,ANESTESIA PARA ENDOSCOPIA,ENDOSCOPIA,1,-,204,307,-,-,604,-,704,-,802,-,TRUE
1139,270,BIOFEEDBACK SESSAO,ENDOSCOPIA,1,-,204,307,-,-,604,-,704,-,802,-,TRUE
1113,BIOEDA,BIOPSIA PARA ENDOSCOPIA,ENDOSCOPIA,1,-,204,307,-,-,604,-,704,-,802,-,TRUE
8706,BIOHPYLU,BIOPSIA PARA PESQUISA DE H.PYLORI TESTE DE UREASE,ENDOSCOPIA,1,-,204,307,-,-,604,-,704,-,802,-,TRUE
114,740,ENDOSCOPIA DIGESTIVA ALTA,ENDOSCOPIA,1,-,204,307,-,-,604,-,704,-,802,-,TRUE
2898,EDABIOC,ENDOSCOPIA DIGESTIVA ALTA COM BIOPSIA  E OU CITOLOGIA,ENDOSCOPIA,1,-,204,307,-,-,604,-,704,-,802,-,TRUE
2897,EDAUREA,ENDOSCOPIA DIGESTIVA ALTA COM BIOPSIA E TESTE DE UREASE,ENDOSCOPIA,1,-,204,307,-,-,604,-,704,-,802,-,TRUE
9009,369,ENDOSCOPIA DIGESTIVA ALTA COM CROMOSCOPIA,ENDOSCOPIA,1,-,204,307,-,-,604,-,704,-,802,-,TRUE
2896,EDAMAG,ENDOSCOPIA DIGESTIVA ALTA COM MAGNIFICACAO,ENDOSCOPIA,1,-,204,307,-,-,604,-,704,-,802,-,TRUE
2895,EDAESOF,ENDOSCOPIA DIGESTIVA ALTA ESOFAGO GASTRODUODENOSCOPIA,ENDOSCOPIA,1,-,204,307,-,-,604,-,704,-,802,-,TRUE
2894,EDAPOLIP,ENDOSCOPIA DIGESTIVA COM POLIPECTOMIA COM OU SEM BIOPSIA,ENDOSCOPIA,1,-,204,307,-,-,604,-,704,-,802,-,TRUE
9589,741,ENDOSCOPIA FARINGOLARINGEA COM OTICA RIGIDA OU FLEXIVEL,ENDOSCOPIA,1,-,204,307,-,-,604,-,704,-,802,-,TRUE
2213,743,ENTEROSCOPIA DE DUPLO BALAO VIA ANAL COM BIOPSIA  POLIPECTOMIA E ANESTESIA,ENDOSCOPIA,1,-,204,307,-,-,604,-,704,-,802,-,TRUE
2214,373,ENTEROSCOPIA DE DUPLO BALAO VIA ORAL,ENDOSCOPIA,1,-,204,307,-,-,604,-,704,-,802,-,TRUE
2854,745,ENTEROSCOPIA DE DUPLO BALAO VIA ORAL COM BIOPSIA  POLIPECTOMIA E ANESTESIA,ENDOSCOPIA,1,-,204,307,-,-,604,-,704,-,802,-,TRUE
8189,M9726,ENTEROSCOPIA DE DUPLO BALAO VIA ORAL OU ANAL COM BIOPSIA ANATOMIOPATOLOGICO E ANESTESIA,ENDOSCOPIA,1,-,204,307,-,-,604,-,704,-,802,-,TRUE
8476,M12041,ENTEROSCOPIA DE DUPLO BALAO VIA ORAL OU RETAL COM BIOPSIA E POLIPECTOMIA,ENDOSCOPIA,1,-,204,307,-,-,604,-,704,-,802,-,TRUE
9555,ENDOS,EXAME TESTE NAO UTILIZAR,ENDOSCOPIA,1,-,204,307,-,-,604,-,704,-,802,-,TRUE
7840,385,HELICOBACTER PYLORI PESQUISA DIRETA,ENDOSCOPIA,1,-,204,307,-,-,604,-,704,-,802,-,TRUE
9607,957,INJECAO DE SUBSTANCIA MEDICAMENTOSA POR ENDOSCOPIA,ENDOSCOPIA,1,-,204,307,-,-,604,-,704,-,802,-,TRUE
12344,POLPCESO,POLIPECTOMIA DE ESOFAGO ESTOMAGO OU DUODENO,ENDOSCOPIA,1,-,204,307,-,-,604,-,704,-,802,-,TRUE
5628,596,TESTE DE UREASE PARA PESQUISA DE HELICOBACTER PYLORI,ENDOSCOPIA,1,-,204,307,-,-,604,-,704,-,802,-,TRUE
7760,UREA,TESTE UREASE,ENDOSCOPIA,1,-,204,307,-,-,604,-,704,-,802,-,TRUE
9612,993,URETEROSCOPIA FLEXIVEL UNILATERAL,ENDOSCOPIA,1,-,204,307,-,-,604,-,704,-,802,-,TRUE
9583,694,VIDEOENDOSCOPIA DO ESFINCTER VELOPALATINO COM OTICA FLEXIVEL,ENDOSCOPIA,1,-,204,307,-,-,604,-,704,-,802,-,TRUE
6176,695,VIDEOENDOSCOPIA DO ESFINCTER VELOPALATINO COM OTICA RIGIDA,ENDOSCOPIA,1,-,204,307,-,-,604,-,704,-,802,-,TRUE
611,HOLT24,HOLTER  24 HORAS  DOIS OU MAIS CANAIS,HOLTER,-,-,202,-,-,-,-,-,-,-,-,901,-
6038,MAPA,MAPA  MONITORIZACAO AMBULATORIAL DE PRESSAO ARTERIAL  24 HORAS,MAPA,-,-,202,-,-,-,-,-,-,-,-,901,-
10308,BIOMAMGR,BIOPSIA PERCUTANEA DE MAMA ORIENTADA POR ULTRASONOGRAFIA OU MAMOGRAFIA POR AGULHA GROSSA,RADIOLOGIA,-,-,-,-,-,-,-,-,708,-,804,902,TRUE
914,HISTERO,HISTEROSSALPINGOGRAFIA,RADIOLOGIA,3,,205,310,-,-,606,1002,-,-,-,-,-
10255,UROMINUT,UROGRAFIA VENOSA MINUTADA 123,RADIOLOGIA,-,-,-,309,-,-,-,-,706,,804,-,-
866,ARMABSPA,ANGIO RM ARTERIAL DE ABDOMEN SUPERIOR,RESSONANCIA,5,-,201,301,-,-,601,-,701,-,801,-,-
860,ARMAPEL,ANGIO RM ARTERIAL DE PELVE,RESSONANCIA,5,-,201,301,-,-,601,-,701,-,801,-,-
1368,669,ANGIO RM PELVE  ANGIORM CRANIO PESCOCO TORAX ABDOME SUPERIOR PELVE  ARTERIAL VENOSA,RESSONANCIA,5,-,201,301,-,-,601,-,701,-,801,-,-
861,ARMABSPV,ANGIO RM VENOSA DE ABDOMEN SUPERIOR,RESSONANCIA,5,-,201,301,-,-,601,-,701,-,801,-,-
859,ARMPELVV,ANGIO RM VENOSA DE PELVE,RESSONANCIA,5,-,201,301,-,-,601,-,701,-,801,-,-
1388,ANGIORM,ANGIO RMCRANIOPESCOCOTORAXABDOME SUP.PELVE ARTERIALVENOSA,RESSONANCIA,5,-,201,301,-,-,601,-,701,-,801,-,-
1339,ARTRMJOD,ARTRO RM JOELHO DIREITO,RESSONANCIA,5,-,-,306,-,-,601,-,-,-,801,-,TRUE
1338,ARTRMJOE,ARTRO RM JOELHO ESQUERDO,RESSONANCIA,5,-,-,306,-,-,601,-,-,-,801,-,TRUE
1335,ATRMOMBD,ARTRO RM OMBRO DIREITO,RESSONANCIA,5,-,-,306,-,-,601,-,-,-,801,-,TRUE
1336,ATRMOMBE,ARTRO RM OMBRO ESQUERDO,RESSONANCIA,5,-,-,306,-,-,601,-,-,-,801,-,TRUE
1364,MAMOTRM,MAMOTOMIA POR RESSONANCIA MAGNETICA,RESSONANCIA,5,-,201,305,-,-,601,-,702,-,801,-,-
8304,768,RESSONANCIA MAGNETICA ABDOME TOTAL  MASCULINO,RESSONANCIA,5,-,201,301,-,-,601,-,701,-,801,-,-
10243,1146,RESSONANCIA MAGNETICA ABDOMEN SUPERIOR,RESSONANCIA,5,-,201,301,-,-,601,-,701,-,801,-,-
9593,796,RESSONANCIA MAGNETICA TORAX COM ABDOME TOTAL,RESSONANCIA,5,-,201,301,-,-,601,-,701,-,801,-,-
9125,961,RESSONANCIA MAGNETICA TORAX COM ABDOMEN SUPERIOR,RESSONANCIA,5,-,201,301,-,-,601,-,701,-,801,-,-
1923,RMABSUP,RM ABDOMEN SUPERIOR,RESSONANCIA,5,-,201,302,-,-,601,-,701,-,801,-,-
1917,RMABT,RM ABDOMEN TOTAL,RESSONANCIA,5,-,201,302,-,-,601,-,701,-,801,-,-
10245,RMABDTOT,RM ABDOMEN TOTAL COM SEDACAO,RESSONANCIA,5,-,201,302,-,-,601,-,701,-,801,-,-
856,RMPELV,RM DE PELVE,RESSONANCIA,5,-,201,301,-,-,601,-,701,-,801,-,-
1922,RMPELVE,RM PELVE,RESSONANCIA,5,-,201,301,-,-,601,-,701,-,801,-,-
4497,RMCANAL,RM PELVE FEMININO,RESSONANCIA,5,-,201,303,-,-,601,-,701,-,801,-,-
1160,RMRIM,RM RINS BILATERAL,RESSONANCIA,5,-,201,301,-,-,601,-,701,-,801,-,-
1158,RMURO,RM URO,RESSONANCIA,5,-,201,301,-,-,601,-,701,-,801,-,-
9611,991,TAXA DE SALA DE COLONOSCOPIA,TAXAS - COLONOSCOPIA,1,-,204,308,-,-,604,-,704,-,802,-,TRUE
10566,TAXASALA,TAXA DE SALA DE ENDOSCOPIA,TAXAS - ENDOSCOPIA,1,-,204,307,-,-,604,-,704,-,802,-,TRUE
10719,CONTRTC,CONTRASTE TC,TATRUEAS - TOMOGRAFIA,-,-,-,-,-,-,602,-,703,1103,-,-,TRUE
872,ATCABDSU,ANGIO TC AORTA ABDOMEN SUPERIOR,TOMOGRAFIA,-,-,-,-,-,-,602,-,703,1103,-,-,TRUE
6212,ANGTCABD,ANGIO TC AORTA ABDOMINAL,TOMOGRAFIA,-,-,-,-,-,-,602,-,703,1103,-,-,TRUE
6211,ANGTCPEL,ANGIO TC AORTA PELVICA,TOMOGRAFIA,-,-,-,-,-,-,602,-,703,1103,-,-,TRUE
6213,ANGTCTOR,ANGIO TC AORTA TORACICA,TOMOGRAFIA,-,-,-,-,-,-,602,-,703,1103,-,-,TRUE
6209,ANGTCATO,ANGIO TC AORTA TOTAL,TOMOGRAFIA,-,-,-,-,-,-,602,-,703,1103,-,-,TRUE
6210,ATCAORT,ANGIO TC ARCO AORTICO,TOMOGRAFIA,-,-,-,-,-,-,602,-,703,1103,-,-,TRUE
6208,ATCABSUP,ANGIO TC ARTERIAL DE ABDOMEN SUPERIOR,TOMOGRAFIA,-,-,-,-,-,-,602,-,703,1103,-,-,TRUE
6201,ANTCRART,ANGIO TC ARTERIAL DE CRANIO,TOMOGRAFIA,-,-,-,-,-,-,602,-,703,1103,-,-,TRUE
6200,ANGTCMID,ANGIO TC ARTERIAL DE MEMBRO INFERIOR DIREITO,TOMOGRAFIA,-,-,-,-,-,-,602,-,703,1103,-,-,TRUE
6198,ATCMIDA,ANGIO TC ARTERIAL DE MEMBRO INFERIOR ESQUERDO,TOMOGRAFIA,-,-,-,-,-,-,602,-,703,1103,-,-,TRUE
6199,ANGTCMSD,ANGIO TC ARTERIAL DE MEMBRO SUPERIOR DIREITO,TOMOGRAFIA,-,-,-,-,-,-,602,-,703,1103,-,-,TRUE
6204,ATCMSEA,ANGIO TC ARTERIAL DE MEMBRO SUPERIOR ESQUERDO,TOMOGRAFIA,-,-,-,-,-,-,602,-,703,1103,-,-,TRUE
6203,608,ANGIO TC ARTERIAL DE PELVE,TOMOGRAFIA,-,-,-,-,-,-,602,-,703,1103,-,-,TRUE
6202,AATCPESC,ANGIO TC ARTERIAL DE PESCOCO,TOMOGRAFIA,-,-,-,-,-,-,602,-,703,1103,-,-,TRUE
6206,ANGTCPUL,ANGIO TC ARTERIAL PULMONAR,TOMOGRAFIA,-,-,-,-,-,-,602,-,703,1103,-,-,TRUE
6205,ATCTORA,ANGIO TC ARTERIAL TORATRUE,TOMOGRAFIA,-,-,-,-,-,-,602,-,703,1103,-,-,TRUE
6192,253,ANGIO TC CAROTIDAS,TOMOGRAFIA,-,-,-,-,-,-,602,-,703,1103,-,-,TRUE
6193,ANGTCERV,ANGIO TC CERVICAIS,TOMOGRAFIA,-,-,-,-,-,-,602,-,703,1103,-,-,TRUE
12547,ANGIOTCC,ANGIO TC CORONARIANA,TOMOGRAFIA,-,-,-,-,-,-,602,-,703,1103,-,-,TRUE
12545,ANGIOTCEC,ANGIO TC CORONARIAS COM ESCORE DE CALCIO,TOMOGRAFIA,-,-,-,-,-,-,602,-,703,1103,-,-,TRUE
6191,ATCCRA,ANGIO TC CRANIO,TOMOGRAFIA,-,-,-,-,-,-,602,-,703,1103,-,-,TRUE
6181,ANTCAMII,ANGIO TC DE ARTERIAS MEMBROS INFERIORES,TOMOGRAFIA,-,-,-,-,-,-,602,-,703,1103,-,-,TRUE
703,ATCPELVE,ANGIO TC PELVE  BACIA,TOMOGRAFIA,-,-,-,-,-,-,602,-,703,1103,-,-,TRUE
6195,TCTORANG,ANGIO TC TORATRUE,TOMOGRAFIA,-,-,-,-,-,-,602,-,703,1103,-,-,TRUE
6194,ATCVEIAP,ANGIO TC VEIA PORTA,TOMOGRAFIA,-,-,-,-,-,-,602,-,703,1103,-,-,TRUE
6214,235,ANGIO TC VENOSA ABDOMEN SUPERIOR,TOMOGRAFIA,-,-,-,-,-,-,602,-,703,1103,-,-,TRUE
6185,ANGTCVSU,ANGIO TC VENOSA DE ABDOMEN SUPERIOR,TOMOGRAFIA,-,-,-,-,-,-,602,-,703,1103,-,-,TRUE
6186,AVTCCRAN,ANGIO TC VENOSA DE CRANIO,TOMOGRAFIA,-,-,-,-,-,-,602,-,703,1103,-,-,TRUE
6197,ANTCMIDV,ANGIO TC VENOSA DE MEMBRO INFERIOR DIREITO,TOMOGRAFIA,-,-,-,-,-,-,602,-,703,1103,-,-,TRUE
6196,ANTCMIEV,ANGIO TC VENOSA DE MEMBRO INFERIOR ESQUERDO,TOMOGRAFIA,-,-,-,-,-,-,602,-,703,1103,-,-,TRUE
6183,ANTCMSDV,ANGIO TC VENOSA DE MEMBRO SUPERIOR DIREITO,TOMOGRAFIA,-,-,-,-,-,-,602,-,703,1103,-,-,TRUE
6184,ANTCMSEV,ANGIO TC VENOSA DE MEMBRO SUPERIOR ESQUERDO,TOMOGRAFIA,-,-,-,-,-,-,602,-,703,1103,-,-,TRUE
6215,ANTCPELV,ANGIO TC VENOSA DE PELVE,TOMOGRAFIA,-,-,-,-,-,-,602,-,703,1103,-,-,TRUE
6187,ANTCPESV,ANGIO TC VENOSA DE PESCOCO,TOMOGRAFIA,-,-,-,-,-,-,602,-,703,1103,-,-,TRUE
6190,ANTCTORV,ANGIO TC VENOSA DE TORATRUE,TOMOGRAFIA,-,-,-,-,-,-,602,-,703,1103,-,-,TRUE
6188,ANGTCVPU,ANGIO TC VENOSA PULMONAR,TOMOGRAFIA,-,-,-,-,-,-,602,-,703,1103,-,-,TRUE
704,237,ANGIO TC VENOSO DE PELVE,TOMOGRAFIA,-,-,-,-,-,-,602,-,703,1103,-,-,TRUE
6189,ANGTCVER,ANGIO TC VERTEBRAIS,TOMOGRAFIA,-,-,-,-,-,-,602,-,703,1103,-,-,TRUE
6182,ANGTCSEG,ANGIOGRAFIA POR TC POR SEGMENTO,TOMOGRAFIA,-,-,-,-,-,-,602,-,703,1103,-,-,TRUE
8158,510,ANGIOTOMOGRAFIA CORONARIANA,TOMOGRAFIA,-,-,-,-,-,-,602,-,703,1103,-,-,TRUE
6216,505,ANGIOTOMOGRAFIA CRANIO PESCOCO TORATRUE ABDOME SUPERIOR PELVEARTERIAL  VENOSA,TOMOGRAFIA,-,-,-,-,-,-,602,-,703,1103,-,-,TRUE
6180,238,ANGIOTOMOGRAFIA VENOSA DE PESCOCO,TOMOGRAFIA,-,-,-,-,-,-,602,-,703,1103,-,-,TRUE
9572,588,ARTRO TC JOELHO DIREITO,TOMOGRAFIA,-,-,-,-,-,-,602,-,703,1103,-,-,TRUE
11974,CONTABS,CONTRASTE TC ABDOMEN SUPERIOR,TOMOGRAFIA,-,-,-,-,-,-,602,-,703,1103,-,-,TRUE
11976,CONTABT,CONTRASTE TC ABDOMEN TOTAL,TOMOGRAFIA,-,-,-,-,-,-,602,-,703,1103,-,-,TRUE
11975,CONTPEL,CONTRASTE TC PELVE,TOMOGRAFIA,-,-,-,-,-,-,602,-,703,1103,-,-,TRUE
12520,ESCTCMI,ESCANOMETRIA POR TOMOGRAFIA MEMBROS INFERIORES,TOMOGRAFIA,-,-,-,-,-,-,602,-,703,1103,-,-,TRUE
2790,ESCTCMS,ESCANOMETRIA POR TOMOGRAFIA MEMBROS SUPERIORES,TOMOGRAFIA,-,-,-,-,-,-,602,-,703,1103,-,-,TRUE
8840,750,INFILTRACAO DE COCCITRUE POR TC,TOMOGRAFIA,-,-,-,-,-,-,602,-,703,1103,-,-,TRUE
11973,PAORTC,PUNCAO ASPIRATIVA ORIENTADA POR TC,TOMOGRAFIA,-,-,-,-,-,-,602,-,703,1103,-,-,TRUE
11894,TC3D,RECONSTRUCAO EM 3D TC,TOMOGRAFIA,-,-,-,-,-,-,602,-,703,1103,-,-,TRUE
876,TCABPEL,TC ABDOMEN DE PELVE,TOMOGRAFIA,-,-,-,-,-,-,602,-,703,1103,-,-,TRUE
877,TCABSUP,TC ABDOMEN SUPERIOR,TOMOGRAFIA,-,-,-,-,-,-,602,-,703,1103,-,-,TRUE
878,TCABDTOT,TC ABDOMEN TOTAL,TOMOGRAFIA,-,-,-,-,-,-,602,-,703,1103,-,-,TRUE
886,819,TC ADRENAL,TOMOGRAFIA,-,-,-,-,-,-,602,-,703,1103,-,-,TRUE
12462,820,TC ANTEBRACO DIREITO,TOMOGRAFIA,-,-,-,-,-,-,602,-,703,1103,-,-,TRUE
12463,TCANTEE,TC ANTEBRACO ESQUERDO,TOMOGRAFIA,-,-,-,-,-,-,602,-,703,1103,-,-,TRUE
12464,TCMANDIB,TC ARTICULACOES TEMPOROMANDIBULARES,TOMOGRAFIA,-,-,-,-,-,-,602,-,703,1103,-,-,TRUE
12465,TCBACIA,TC BACIA,TOMOGRAFIA,-,-,-,-,-,-,602,-,703,1103,-,-,TRUE
889,821,TC BASE DE CRANIO,TOMOGRAFIA,-,-,-,-,-,-,602,-,703,1103,-,-,TRUE
12466,TCBRACD,TC BRACO DIREITO,TOMOGRAFIA,-,-,-,-,-,-,602,-,703,1103,-,-,TRUE
12467,TCBRACE,TC BRACO ESQUERDO,TOMOGRAFIA,-,-,-,-,-,-,602,-,703,1103,-,-,TRUE
12468,TCSEGUI,TC COLUNA CADA SEGMENTO CERVICAL DORSAL OU LOMBAR,TOMOGRAFIA,-,-,-,-,-,-,602,-,703,1103,-,-,TRUE
12469,TCCOLCER,TC COLUNA CERVICAL ATE 3 SEGMENTOS,TOMOGRAFIA,-,-,-,-,-,-,602,-,703,1103,-,-,TRUE
884,824,TC COLUNA CERVICAL ATE 4 DISCOS OU 5 VERTEBRAS,TOMOGRAFIA,-,-,-,-,-,-,602,-,703,1103,-,-,TRUE
885,825,TC COLUNA CERVICAL ATE 5 DISCOS OU 6 VERTEBRAS,TOMOGRAFIA,-,-,-,-,-,-,602,-,703,1103,-,-,TRUE
12470,TCCOLD,TC COLUNA DORSAL ATE 3 SEGMENTOS,TOMOGRAFIA,-,-,-,-,-,-,602,-,703,1103,-,-,TRUE
883,826,TC COLUNA DORSAL ATE 4 DISCOS OU 5 VERTEBRAS,TOMOGRAFIA,-,-,-,-,-,-,602,-,703,1103,-,-,TRUE
2444,827,TC COLUNA DORSAL ATE 5 DISCOS OU 6 VERTEBRAS,TOMOGRAFIA,-,-,-,-,-,-,602,-,703,1103,-,-,TRUE
12572,TCCOLLS,TC COLUNA LOMBAR ATE 3 SEGMENTOS,TOMOGRAFIA,-,-,-,-,-,-,602,-,703,1103,-,-,TRUE
12472,828,TC COLUNA LOMBAR ATE 4 DISCOS OU 5 VERTEBRAS,TOMOGRAFIA,-,-,-,-,-,-,602,-,703,1103,-,-,TRUE
2445,829,TC COLUNA LOMBAR ATE 5 DISCOS OU 6 VERTEBRAS,TOMOGRAFIA,-,-,-,-,-,-,602,-,703,1103,-,-,TRUE
12473,TCSACROC,TC COLUNA SACROCOCCIGEA,TOMOGRAFIA,-,-,-,-,-,-,602,-,703,1103,-,-,TRUE
2393,463,TC COLUNA TORACICA C CONTRASTE  ATE TRES SEGMENTOS,TOMOGRAFIA,-,-,-,-,-,-,602,-,703,1103,-,-,TRUE
12546,TCCOR,TC CORACAO  PARA AVALIACAO DO ESCORE DE CALCIO CORONARIANO,TOMOGRAFIA,-,-,-,-,-,-,602,-,703,1103,-,-,TRUE
12474,TCCOTOVD,TC COTOVELO DIREITO,TOMOGRAFIA,-,-,-,-,-,-,602,-,703,1103,-,-,TRUE
12475,TCCOTOVE,TC COTOVELO ESQUERDO,TOMOGRAFIA,-,-,-,-,-,-,602,-,703,1103,-,-,TRUE
12476,TCCOTRUEAD,TC COTRUEA DIREITA,TOMOGRAFIA,-,-,-,-,-,-,602,-,703,1103,-,-,TRUE
12477,TCCOTRUEAE,TC COTRUEA ESQUERDA,TOMOGRAFIA,-,-,-,-,-,-,602,-,703,1103,-,-,TRUE
12478,TC COTRUEODIR,TC COTRUEO FEMORAL DIREITO,TOMOGRAFIA,-,-,-,-,-,-,602,-,703,1103,-,-,TRUE
12479,TCCOTRUEOESQU,TC COTRUEO FEMORAL ESQUERDO,TOMOGRAFIA,-,-,-,-,-,-,602,-,703,1103,-,-,TRUE
12480,TCCRANIO,TC CRANIO,TOMOGRAFIA,-,-,-,-,-,-,602,-,703,1103,-,-,TRUE
2446,836,TC DE COLUNA CERVICAL ATE 3 DISCOS OU 4 VERTEBRAS,TOMOGRAFIA,-,-,-,-,-,-,602,-,703,1103,-,-,TRUE
8111,837,TC DE COLUNA DORSAL ATE 3 DISCOS OU 4 VERTEBRAS,TOMOGRAFIA,-,-,-,-,-,-,602,-,703,1103,-,-,TRUE
2447,838,TC DE COLUNA LOMBAR ATE 3 DISCOS OU 4 VERTEBRAS,TOMOGRAFIA,-,-,-,-,-,-,602,-,703,1103,-,-,TRUE
12553,469,TC DE COLUNA LOMBOSACRA  PESQUISA,TOMOGRAFIA,-,-,-,-,-,-,602,-,703,1103,-,-,TRUE
7060,840,TC DE CRANIO E TRANSICAO CRANIO VERTEBRAL,TOMOGRAFIA,-,-,-,-,-,-,602,-,703,1103,-,-,TRUE
9602,841,TC DE TRANSICAO CRANIO VERTEBRAL OU CRANIO CERVICAL,TOMOGRAFIA,-,-,-,-,-,-,602,-,703,1103,-,-,TRUE
12481,TCDENTAS,TC DENTASCAN,TOMOGRAFIA,-,-,-,-,-,-,602,-,703,1103,-,-,TRUE
12482,5507,TC DENTASCAN MANDIBULA,TOMOGRAFIA,-,-,-,-,-,-,602,-,703,1103,-,-,TRUE
12483,339,TC DENTASCAN MATRUEILA,TOMOGRAFIA,-,-,-,-,-,-,602,-,703,1103,-,-,TRUE
12484,TCDENMASED,TC DENTASCAN MATRUEILA COM SEDACAO,TOMOGRAFIA,-,-,-,-,-,-,602,-,703,1103,-,-,TRUE
12485,TCDINAMI,TC DINAMICA,TOMOGRAFIA,-,-,-,-,-,-,602,-,703,1103,-,-,TRUE
891,ENTERTC,TC ENTEROGRAFIA,TOMOGRAFIA,-,-,-,-,-,-,602,-,703,1103,-,-,TRUE
12487,TCESCAN,TC ESCANOMETRIA DIGITAL TC,TOMOGRAFIA,-,-,-,-,-,-,602,-,703,1103,-,-,TRUE
12488,TCESCORE,TC ESCORE DE CALCIO,TOMOGRAFIA,-,-,-,-,-,-,602,-,703,1103,-,-,TRUE
12489,TCESTERNO,TC ESTERNOCLAVICULAR,TOMOGRAFIA,-,-,-,-,-,-,602,-,703,1103,-,-,TRUE
12490,1100,TC FACE,TOMOGRAFIA,-,-,-,-,-,-,602,-,703,1103,-,-,TRUE
12491,TCJOELHD,TC JOELHO DIREITO,TOMOGRAFIA,-,-,-,-,-,-,602,-,703,1103,-,-,TRUE
12492,TCJOELHE,TC JOELHO ESQUERDO,TOMOGRAFIA,-,-,-,-,-,-,602,-,703,1103,-,-,TRUE
12493,TCMAOD,TC MAO DIREITA,TOMOGRAFIA,-,-,-,-,-,-,602,-,703,1103,-,-,TRUE
12494,TCMAOE,TC MAO ESQUERDA,TOMOGRAFIA,-,-,-,-,-,-,602,-,703,1103,-,-,TRUE
12495,TCMASTOI,TC MASTOIDES OU OUVIDOS,TOMOGRAFIA,-,-,-,-,-,-,602,-,703,1103,-,-,TRUE
12496,TCOMBD,TC OMBRO DIREITO,TOMOGRAFIA,-,-,-,-,-,-,602,-,703,1103,-,-,TRUE
12497,TCOMBE,TC OMBRO ESQUERDO,TOMOGRAFIA,-,-,-,-,-,-,602,-,703,1103,-,-,TRUE
12498,TCORBT,TC ORBITAS,TOMOGRAFIA,-,-,-,-,-,-,602,-,703,1103,-,-,TRUE
12499,TCOSSOST,TC OSSOS TEMPORAIS,TOMOGRAFIA,-,-,-,-,-,-,602,-,703,1103,-,-,TRUE
12500,TCPED,TC PE DIREITO,TOMOGRAFIA,-,-,-,-,-,-,602,-,703,1103,-,-,TRUE
12501,TCPEE,TC PE ESQUERDO,TOMOGRAFIA,-,-,-,-,-,-,602,-,703,1103,-,-,TRUE
880,TCPELV,TC PELVE,TOMOGRAFIA,-,-,-,-,-,-,602,-,703,1103,-,-,TRUE
12503,TCPERND,TC PERNA DIREITA,TOMOGRAFIA,-,-,-,-,-,-,602,-,703,1103,-,-,TRUE
12504,TCPERNE,TC PERNA ESQUERDA,TOMOGRAFIA,-,-,-,-,-,-,602,-,703,1103,-,-,TRUE
890,TCPESC,TC PESCOCO,TOMOGRAFIA,-,-,-,-,-,-,602,-,703,1103,-,-,TRUE
12506,TCPUNHD,TC PUNHO DIREITO,TOMOGRAFIA,-,-,-,-,-,-,602,-,703,1103,-,-,TRUE
12507,TCPUNHE,TC PUNHO ESQUERDO,TOMOGRAFIA,-,-,-,-,-,-,602,-,703,1103,-,-,TRUE
12508,TCQUAD,TC QUADRIL DIREITO,TOMOGRAFIA,-,-,-,-,-,-,602,-,703,1103,-,-,TRUE
12509,TCQUADE,TC QUADRIL ESQUERDO,TOMOGRAFIA,-,-,-,-,-,-,602,-,703,1103,-,-,TRUE
882,TCARTC,TC QUADRIS,TOMOGRAFIA,-,-,-,-,-,-,602,-,703,1103,-,-,TRUE
12510,TCSACIL,TC SACROILIACA,TOMOGRAFIA,-,-,-,-,-,-,602,-,703,1103,-,-,TRUE
2448,857,TC SCRENING SEIOS DA FACE,TOMOGRAFIA,-,-,-,-,-,-,602,-,703,1103,-,-,TRUE
12511,TCSEGAP,TC SEGMENTOS APENDICULARES,TOMOGRAFIA,-,-,-,-,-,-,602,-,703,1103,-,-,TRUE
12512,TCSEIOS,TC SEIOS DA FACE,TOMOGRAFIA,-,-,-,-,-,-,602,-,703,1103,-,-,TRUE
12513,TCSELA,TC SELA TURCICA,TOMOGRAFIA,-,-,-,-,-,-,602,-,703,1103,-,-,TRUE
12514,593,TC TOMOMIELOGRAFIA ATE TRES SEGMENTOS ACRESCENTAR A TC DE COLUNA CORRESPONDENTE,TOMOGRAFIA,-,-,-,-,-,-,602,-,703,1103,-,-,TRUE
881,TCTORATRUE,TC TORATRUE,TOMOGRAFIA,-,-,-,-,-,-,602,-,703,1103,-,-,TRUE
873,858,TC TORATRUE COM ABDOME TOTAL,TOMOGRAFIA,-,-,-,-,-,-,602,-,703,1103,-,-,TRUE
887,859,TC TORATRUE COM ABDOMEN SUPERIOR,TOMOGRAFIA,-,-,-,-,-,-,602,-,703,1103,-,-,TRUE
12516,TCTORNO,TC TORNOZELO DIREITO,TOMOGRAFIA,-,-,-,-,-,-,602,-,703,1103,-,-,TRUE
12517,TCTORNE,TC TORNOZELO ESQUERDO,TOMOGRAFIA,-,-,-,-,-,-,602,-,703,1103,-,-,TRUE
874,UROTOMO,TC VIAS URINARIAS UROTOMOGRAFIA,TOMOGRAFIA,-,-,-,-,-,-,602,-,703,1103,-,-,TRUE
2855,860,TOMOGRAFIA COMPUTADORIZADA TORNOZELOS,TOMOGRAFIA,-,-,-,-,-,-,602,-,703,1103,-,-,TRUE
11561,PUNCPROT,PUNCAO   BIOPSIA DE PROSTATA TRANS RETAL,ULTRASSOM,4,102,-,314,-,-,607,-,707,-,803,-,TRUE
6236,USPROTPC,ULTRASSONOGRAFIA PROSTATA TRANSRETAL,ULTRASSOM,4,102,-,314,-,-,60,-,707,-,803,-,TRUE
2953,USABSUP,US ABDOMEN SUPERIOR,ULTRASSOM,-,-,-,313,-,-,-,-,-,-,-,-,-
2952,USABTOT,US ABDOMEN TOTAL,ULTRASSOM,-,-,-,312,-,-,-,-,-,-,804,-,-
908,881,US DOPPLER ABDOME TOTAL MASCULINO,ULTRASSOM,-,-,-,311,-,-,-,-,-,-,-,-,-
7008,626,US DOPPLER ABDOMEN SUPERIOR COM ARTERIAS VISCERAIS,ULTRASSOM,-,-,-,311,-,-,-,-,-,-,-,-,-
2242,649,US DOPPLER ABDOMEN TOTAL DE AORTA E ARTERIAS RENAIS,ULTRASSOM,-,-,-,311,-,-,-,-,-,-,-,-,-
2799,USDOPAORTA,US DOPPLER AORTA ABDOMINAL,ULTRASSOM,-,-,-,311,-,-,-,-,-,-,-,-,-
2800,USATRIM,US DOPPLER AORTA E ARTERIAS RENAIS,ULTRASSOM,-,-,-,311,-,-,-,-,-,-,-,-,-
2804,USDAILI,US DOPPLER AORTA E ILIACAS,ULTRASSOM,-,-,-,311,-,-,-,-,-,-,-,-,-
2803,USRAMOS,US DOPPLER AORTA E SEUS RAMOS,ULTRASSOM,-,-,-,311,-,-,-,-,-,-,-,-,-
906,1231,US DOPPLER APARELHO URINARIO,ULTRASSOM,-,-,-,311,-,-,-,-,-,-,-,-,-
2956,USDOPRINSF,US DOPPLER APARELHO URINARIO FEMININO,ULTRASSOM,-,-,-,311,-,-,-,-,-,-,-,-,-
904,376,US DOPPLER APARELHO URINARIO FEMININO DE AORTA E ARTERIAS RENAIS ,ULTRASSOM,-,-,-,311,-,-,-,-,-,-,-,-,-
2957,USDOPRINSM,US DOPPLER APARELHO URINARIO MASCULINO,ULTRASSOM,-,-,-,311,-,-,-,-,-,-,-,-,-
2801,USARTREN,US DOPPLER ARTERIAS RENAIS,ULTRASSOM,-,-,-,311,-,-,-,-,-,-,-,-,-
2769,USVISCE,US DOPPLER ARTERIAS VISCERAIS,ULTRASSOM,-,-,-,311,-,-,-,-,-,-,-,-,-
907,880,US DOPPLER DE ABDOME TOTAL FEMININO,ULTRASSOM,-,-,-,311,-,-,-,-,-,-,-,-,-
2802,USDOPAORR,US DOPPLER DE AORTA E SEUS RAMOS,ULTRASSOM,-,-,-,311,-,-,-,-,-,-,-,-,-
2767,USPOPTD,US DOPPLER FEMURAIS DIREITO,ULTRASSOM,-,-,-,311,-,-,-,-,-,-,-,-,-
2768,USPOPTE,US DOPPLER FEMURAIS ESQUERDO,ULTRASSOM,-,-,-,311,-,-,-,-,-,-,-,-,-
12153,956,US DOPPLER VEIA AORTA,ULTRASSOM,-,-,-,311,-,-,-,-,-,-,-,-,-
2797,USCAVASI,US DOPPLER VEIA CAVA SUP OU INF,ULTRASSOM,-,-,-,311,-,-,-,-,-,-,-,-,-
903,ELASFIG,US ELASTOGRAFIA DE FIGADO,ULTRASSOM,-,-,-,-,-,-,-,-,-,1102,804,-,-
11560,682,US PROSTATA TRANSRETAL COM BIOPSIA  ATE 8 FRAGMENTOS,ULTRASSOM,4,102,-,314,-,-,607,-,707,-,803,-,TRUE
11562,USPROSBI,US PROSTATA TRANSRETAL COM BIOPSIA  MAIS DE 8 FRAGMENTOS,ULTRASSOM,4,102,-,314,-,-,607,-,707,-,803,-,TRUE
11028,FEBAM,FEBRE AMARELA,VACINA,101,-,203,-,-,-,-,-,-,-,-,-,-
9994,M11812,VACINA  BIVALENTE HPV,VACINA,101,-,203,-,-,-,-,-,-,-,-,-,-
9982,M11791,VACINA  CATAPORA,VACINA,101,-,203,-,-,-,-,-,-,-,-,-,-
9985,920,VACINA  DTP DIFTERIA TETANO E COQUELUCHE,VACINA,101,-,203,-,-,-,-,-,-,-,-,-,-
9973,M12459,VACINA  GRIPE TRIVALENTE  INFANTIL ,VACINA,101,-,203,-,-,-,-,-,-,-,-,-,-
9409,M12460,VACINA  GRIPE TRIVALENTE DOSE UNICA  ADULTO ,VACINA,101,-,203,-,-,-,-,-,-,-,-,-,-
10473,921,VACINA  GRIPE TRIVALENTE INFLUENZA A H1N1 INFLUENZA A H3N2 INFLUENZA B,VACINA,101,-,203,-,-,-,-,-,-,-,-,-,-
9980,922,VACINA  HEPATITE A,VACINA,101,-,203,-,-,-,-,-,-,-,-,-,-
9999,923,VACINA  HEPATITE A + HEPATITE B,VACINA,101,-,203,-,-,-,-,-,-,-,-,-,-
9981,M12678,VACINA  HEPATITE A INFANTIL,VACINA,101,-,203,-,-,-,-,-,-,-,-,-,-
9969,M11786,VACINA  HEPATITE B,VACINA,101,-,203,-,-,-,-,-,-,-,-,-,-
10001,M12569,VACINA  HERPES ZOSTER  ZOSTAVAX,VACINA,101,-,203,-,-,-,-,-,-,-,-,-,-
9967,M11788,VACINA  HEXAVALENTE  DIFTERIA TETANO COQUELUCHEHAEMOPHILOS INFLUENZA B PARALISIA INFANTIL E H,VACINA,101,-,203,-,-,-,-,-,-,-,-,-,-
9987,M12383,VACINA  HPV TETRAVALENTE POR DOSE,VACINA,101,-,203,-,-,-,-,-,-,-,-,-,-
10114,MENINB,VACINA  MENINGOCOCICA B RECOMBINANTE,VACINA,101,-,203,-,-,-,-,-,-,-,-,-,-
9976,M11789,VACINA  MENINGOCOCICA C CONJUGADA MENINGITE CAUSADA POR MENINGOCOCO,VACINA,101,-,203,-,-,-,-,-,-,-,-,-,-
9940,M11957,VACINA  MENINGOCOCICA QUADRIVALENTE ACY E W135,VACINA,101,-,203,-,-,-,-,-,-,-,-,-,-
9968,924,VACINA  PENTAVALENTE  DIFTERIA TETANO COQUELUCHE HAEMOPHILOS INFLUENZA B E PARALISIA INFANTIL,VACINA,101,-,203,-,-,-,-,-,-,-,-,-,-
9960,M11792,VACINA  PNEUMOCOCICA CONJUGADA 13 VALENTE MENINGITEPNEUMONIA SEPTICEMIA CAUSADAS POR STAPHYLOCO,VACINA,101,-,203,-,-,-,-,-,-,-,-,-,-
9974,M11787,VACINA  ROTAVIRUS CINCO SOROTIPOS,VACINA,101,-,203,-,-,-,-,-,-,-,-,-,-
9997,M11809,VACINA  SCR  SARAMPO CAXUMBA E RUBEOLA  ADULTO,VACINA,101,-,203,-,-,-,-,-,-,-,-,-,-
9995,M11794,VACINA  TETRAVALENTE HPV PAPILOMAVIRUS HUMANO,VACINA,101,-,203,-,-,-,-,-,-,-,-,-,-
10002,925,VACINA  TETRAVIRAL SARAMPO CAXUMBA RUBEOLA E CATAPORA,VACINA,101,-,203,-,-,-,-,-,-,-,-,-,-
9966,926,VACINA  TETRAXIM  DTPA  POLIOMIELITE 1 2 E 3 INATIVA,VACINA,101,-,203,-,-,-,-,-,-,-,-,-,-
10879,VACDENGUE,VACINA DENGUE 1 2 3 4,VACINA,101,-,203,-,-,-,-,-,-,-,-,-,-
10393,PSANA,VACINA GRIPE,VACINA,101,-,203,-,-,-,-,-,-,-,-,-,-
10502,VACITETRA,"VACINA INFLUENZA QUADRIVALENTE FRAGMENTADA, INATIVADA",VACINA,101,-,203,-,-,-,-,-,-,-,-,-,-
11035,VQUADRI,VACINA INFLUENZA QUADRIVALENTE INFANTIL,VACINA,101,-,203,-,-,-,-,-,-,-,-,-,-
9996,VACVARI,VACINA VARICELA,VACINA,101,-,203,-,-,-,-,-,-,-,-,-,-
